{"IJK": [[16, 16, 0.06693318103940606], [16, 32, 0.314453125], [16, 48, 0.3138020833333333], [16, 64, 0.3134765625], [16, 80, 0.31328125], [16, 96, 0.3131510416666667], [16, 112, 0.3130580357142857], [16, 128, 0.31298828125], [32, 16, 0.06467134469425748], [32, 32, 0.314453125], [32, 48, 0.3138020833333333], [32, 64, 0.3134765625], [32, 80, 0.31328125], [32, 96, 0.3131510416666667], [32, 112, 0.3130580357142857], [32, 128, 0.31298828125], [48, 16, 0.06393741319776257], [48, 32, 0.314453125], [48, 48, 0.3138020833333333], [48, 64, 0.3134765625], [48, 80, 0.31328125], [48, 96, 0.3131510416666667], [48, 112, 0.3130580357142857], [48, 128, 0.31298828125], [64, 16, 0.06357424045776895], [64, 32, 0.314453125], [64, 48, 0.3138020833333333], [64, 64, 0.3134765625], [64, 80, 0.31328125], [64, 96, 0.3131510416666667], [64, 112, 0.3130580357142857], [64, 128, 0.31298828125], [80, 16, 0.06335755567082715], [80, 32, 0.314453125], [80, 48, 0.3138020833333333], [80, 64, 0.3134765625], [80, 80, 0.31328125], [80, 96, 0.3131510416666667], [80, 112, 0.3130580357142857], [80, 128, 0.31298828125], [96, 16, 0.063213608175108], [96, 32, 0.314453125], [96, 48, 0.3138020833333333], [96, 64, 0.3134765625], [96, 80, 0.31328125], [96, 96, 0.3131510416666667], [96, 112, 0.3130580357142857], [96, 128, 0.31298828125], [112, 16, 0.06311103822320101], [112, 32, 0.314453125], [112, 48, 0.3138020833333333], [112, 64, 0.3134765625], [112, 80, 0.31328125], [112, 96, 0.3131510416666667], [112, 112, 0.3130580357142857], [112, 128, 0.31298828125], [128, 16, 0.06303424744772111], [128, 32, 0.314453125], [128, 48, 0.3138020833333333], [128, 64, 0.3134765625], [128, 80, 0.31328125], [128, 96, 0.3131510416666667], [128, 112, 0.3130580357142857], [128, 128, 0.31298828125]], "IKJ": [[16, 16, 0.06681108197468932], [16, 32, 0.06466380543633762], [16, 48, 0.06394438290232629], [16, 64, 0.06358398073560187], [16, 80, 0.06336751783788744], [16, 96, 0.06322311678873993], [16, 112, 0.06311992786293959], [16, 128, 0.06304251137032095], [32, 16, 0.068359375], [32, 32, 0.06640625], [32, 48, 0.06575520833333333], [32, 64, 0.0654296875], [32, 80, 0.065234375], [32, 96, 0.06510416666666667], [32, 112, 0.06501116071428571], [32, 128, 0.06494140625], [48, 16, 0.06770833333333333], [48, 32, 0.06575520833333333], [48, 48, 0.06510416666666667], [48, 64, 0.06477864583333333], [48, 80, 0.06458333333333334], [48, 96, 0.064453125], [48, 112, 0.06436011904761904], [48, 128, 0.06429036458333333], [64, 16, 0.1259765625], [64, 32, 0.1259765625], [64, 48, 0.1259765625], [64, 64, 0.1259765625], [64, 80, 0.1259765625], [64, 96, 0.1259765625], [64, 112, 0.1259765625], [64, 128, 0.1259765625], [80, 16, 0.12578125], [80, 32, 0.12578125], [80, 48, 0.12578125], [80, 64, 0.12578125], [80, 80, 0.12578125], [80, 96, 0.12578125], [80, 112, 0.12578125], [80, 128, 0.12578125], [96, 16, 0.12565104166666666], [96, 32, 0.12565104166666666], [96, 48, 0.12565104166666666], [96, 64, 0.12565104166666666], [96, 80, 0.12565104166666666], [96, 96, 0.12565104166666666], [96, 112, 0.12565104166666666], [96, 128, 0.12565104166666666], [112, 16, 0.12555803571428573], [112, 32, 0.12555803571428573], [112, 48, 0.12555803571428573], [112, 64, 0.12555803571428573], [112, 80, 0.12555803571428573], [112, 96, 0.12555803571428573], [112, 112, 0.12555803571428573], [112, 128, 0.12555803571428573], [128, 16, 0.12548828125], [128, 32, 0.12548828125], [128, 48, 0.12548828125], [128, 64, 0.12548828125], [128, 80, 0.12548828125], [128, 96, 0.12548828125], [128, 112, 0.12548828125], [128, 128, 0.12548828125]], "JIK": [[16, 16, 0.08203125], [16, 32, 0.3203125], [16, 48, 0.3177083333333333], [16, 64, 0.31640625], [16, 80, 0.315625], [16, 96, 0.3151041666666667], [16, 112, 0.31473214285714285], [16, 128, 0.314453125], [32, 16, 0.080078125], [32, 32, 0.3203125], [32, 48, 0.3177083333333333], [32, 64, 0.31640625], [32, 80, 0.315625], [32, 96, 0.3151041666666667], [32, 112, 0.31473214285714285], [32, 128, 0.314453125], [48, 16, 0.07942708333333333], [48, 32, 0.3203125], [48, 48, 0.3177083333333333], [48, 64, 0.31640625], [48, 80, 0.315625], [48, 96, 0.3151041666666667], [48, 112, 0.31473214285714285], [48, 128, 0.314453125], [64, 16, 0.0791015625], [64, 32, 0.3203125], [64, 48, 0.3177083333333333], [64, 64, 0.31640625], [64, 80, 0.315625], [64, 96, 0.3151041666666667], [64, 112, 0.31473214285714285], [64, 128, 0.314453125], [80, 16, 0.07890625], [80, 32, 0.3203125], [80, 48, 0.3177083333333333], [80, 64, 0.31640625], [80, 80, 0.315625], [80, 96, 0.3151041666666667], [80, 112, 0.31473214285714285], [80, 128, 0.314453125], [96, 16, 0.07877604166666667], [96, 32, 0.3203125], [96, 48, 0.3177083333333333], [96, 64, 0.31640625], [96, 80, 0.315625], [96, 96, 0.3151041666666667], [96, 112, 0.31473214285714285], [96, 128, 0.314453125], [112, 16, 0.07868303571428571], [112, 32, 0.3203125], [112, 48, 0.3177083333333333], [112, 64, 0.31640625], [112, 80, 0.315625], [112, 96, 0.3151041666666667], [112, 112, 0.31473214285714285], [112, 128, 0.314453125], [128, 16, 0.07861328125], [128, 32, 0.3203125], [128, 48, 0.3177083333333333], [128, 64, 0.31640625], [128, 80, 0.315625], [128, 96, 0.3151041666666667], [128, 112, 0.31473214285714285], [128, 128, 0.314453125]], "JKI": [[16, 16, 0.4836093660765277], [16, 32, 0.515625], [16, 48, 0.515625], [16, 64, 0.515625], [16, 80, 0.515625], [16, 96, 0.515625], [16, 112, 0.515625], [16, 128, 0.515625], [32, 16, 0.5078125], [32, 32, 0.5078125], [32, 48, 0.5078125], [32, 64, 0.5078125], [32, 80, 0.5078125], [32, 96, 0.5078125], [32, 112, 0.5078125], [32, 128, 0.5078125], [48, 16, 0.5052083333333334], [48, 32, 0.5052083333333334], [48, 48, 0.5052083333333334], [48, 64, 0.5052083333333334], [48, 80, 0.5052083333333334], [48, 96, 0.5052083333333334], [48, 112, 0.5052083333333334], [48, 128, 0.5052083333333334], [64, 16, 0.50390625], [64, 32, 0.50390625], [64, 48, 0.50390625], [64, 64, 0.50390625], [64, 80, 0.50390625], [64, 96, 0.50390625], [64, 112, 0.50390625], [64, 128, 0.50390625], [80, 16, 0.503125], [80, 32, 0.503125], [80, 48, 0.503125], [80, 64, 0.503125], [80, 80, 0.503125], [80, 96, 0.503125], [80, 112, 0.503125], [80, 128, 0.503125], [96, 16, 0.5026041666666666], [96, 32, 0.5026041666666666], [96, 48, 0.5026041666666666], [96, 64, 0.5026041666666666], [96, 80, 0.5026041666666666], [96, 96, 0.5026041666666666], [96, 112, 0.5026041666666666], [96, 128, 0.5026041666666666], [112, 16, 0.5022321428571429], [112, 32, 0.5022321428571429], [112, 48, 0.5022321428571429], [112, 64, 0.5022321428571429], [112, 80, 0.5022321428571429], [112, 96, 0.5022321428571429], [112, 112, 0.5022321428571429], [112, 128, 0.5022321428571429], [128, 16, 0.501953125], [128, 32, 0.501953125], [128, 48, 0.501953125], [128, 64, 0.501953125], [128, 80, 0.501953125], [128, 96, 0.501953125], [128, 112, 0.501953125], [128, 128, 0.501953125]],